genome,Organisms name,Raffinose,D-Glucose,D-Sorbitol,Gelatin,Pectin,4-Hydroxyphenylacetate,Dextrin,alpha-Lactose,D-Mannose,D-Mannitol,gly-pro-L,D-Galacturonic_Acid,GABA,Maltose,Melibiose,D-Fructose,D-Arabitol,L-Alanine,2-Hydroxybutanoic_Acid,Trehalose,b-Methyl-D-Glucoside,D-Galactose,myo-Inositol,L-Arginine,D-Gluconic_Acid,L-Lactic_Acid,3-Hydroxybutanoic_Acid,Cellobiose,Salicin,Glycerol,L-Aspartic_Acid,D-Glucuronic_Acid,Citric_Acid,a-Ketobutyric_Acid,Gentiobiose,N-Acetyl-D-Glucosamine,D-Fucose,D-Glucose-6-Phosphate,L-Glutamic_Acid,a-Ketoglutaric_Acid,Acetoacetic_Acid,Sucrose,N-Acetyl-D-Mannosamine,D-Fructose-6-Phosphate,L-Histidine,Mucic_Acid,D-Malic_Acid,Propionic_Acid,N-Acetyl-D-Galactosamine,L-Rhamnose,D-Aspartic_Acid,L-Pyroglutamic_Acid,Quinic_Acid,L-Malic_Acid,Acetic_Acid,Stachyose,N-Acetyl_Neuraminic_Acid,Inosine,D-Serine,L-Serine,D-Saccharic_Acid,Formic_Acid,L-Fucose,L-GalactonicAcid-g-Lactone
149698.22,Iso_PCH102_001_Massilia_002_Massilia-putida,1,1,1,1,1,1,1,1,1,1,1,1,1,1,1,1,1,0,1,1,1,1,1,1,1,1,1,1,1,1,0,1,1,1,1,1,0,0,1,1,0,1,1,0,1,1,1,1,1,1,0,1,1,1,1,1,1,1,0,1,1,1,,
702115.9,Iso_PCH104_001_Pseudomonas_002_Pseudomonas-arsenicoxydans,0,1,0,0,1,0,0,0,1,1,1,1,1,0,0,1,1,1,1,0,0,1,1,1,1,1,1,0,0,1,1,1,1,1,0,1,0,0,1,1,0,1,0,0,1,1,1,1,0,0,0,1,1,1,1,0,0,1,0,1,1,1,,
242605.18,Iso_PCH11_Luteibacter,1,1,1,1,1,1,1,1,1,1,1,1,1,1,1,1,1,1,1,1,1,1,1,1,1,1,1,1,1,1,1,1,1,1,1,1,0,0,1,1,0,1,0,0,1,1,1,1,1,1,0,1,1,1,1,1,1,1,0,1,1,0,,
1883.1827,Iso_PCH113_Streptomyces,1,1,1,1,1,1,1,1,1,1,1,0,1,1,1,1,1,1,1,1,1,1,1,1,1,1,1,1,1,1,0,1,1,1,1,1,0,0,1,0,0,1,1,0,1,1,1,1,1,1,0,1,1,1,1,1,1,1,0,1,1,0,,
1883.1829,Iso_PCH118_Streptomyces,1,1,1,1,1,1,1,1,1,1,1,1,1,1,1,1,1,1,1,1,1,1,1,1,1,1,1,1,1,1,1,1,1,1,1,1,0,0,1,1,1,1,0,0,1,1,1,1,1,1,0,1,1,1,1,1,1,1,0,1,1,1,,
1663.224,Iso_PCH124_Arthrobacter,1,1,1,1,1,1,1,1,1,1,0,0,1,1,1,1,1,1,1,1,1,1,1,1,1,1,1,1,1,1,0,0,1,1,1,1,0,0,1,1,0,1,0,0,1,0,0,1,0,1,0,1,1,1,1,1,0,1,0,1,1,0,,
1663.207,Iso_PCH28_001_Arthrobacter_002_Luteibacter-rhizovicinus,1,1,0,1,1,1,1,0,1,1,1,0,1,1,1,1,1,1,0,1,1,1,1,1,1,1,1,1,1,1,1,1,1,1,1,1,0,0,1,1,0,1,1,0,1,1,0,1,0,1,0,1,1,1,1,1,1,1,0,1,1,0,,
242605.37,Iso_PCH30_Luteibacter,1,1,0,1,1,0,0,1,1,0,0,0,0,1,0,1,0,0,0,0,1,0,0,1,0,0,0,0,0,1,0,0,0,1,0,0,0,0,1,0,1,0,0,0,0,1,0,0,0,0,0,0,0,0,1,0,0,0,0,0,0,0,,
242606.13,Iso_PCH32_Luteibacter-rhizovicinus,1,1,0,1,0,0,0,1,1,1,0,0,0,1,1,1,1,0,0,1,1,1,1,0,0,0,0,1,1,1,1,0,0,0,1,1,1,1,1,0,1,1,0,0,0,0,0,0,1,0,0,1,0,0,1,1,0,0,0,0,0,0,,
216778.58,Iso_PCH36_Stenotrophomonas-rhizophila ,0,1,0,1,1,0,1,1,1,0,1,0,0,1,1,1,0,1,0,1,1,0,0,0,0,1,1,1,1,0,0,0,1,0,1,1,0,0,1,1,1,1,0,0,1,0,0,1,1,0,0,0,0,1,1,0,0,0,0,1,0,0,,
242606.1,Iso_PCH4_Luteibacter rhizovicinus,0,1,0,1,0,0,0,1,1,1,0,0,0,1,1,1,1,0,0,1,1,1,1,1,0,0,0,1,1,1,1,0,0,0,1,1,1,0,1,0,1,1,0,0,0,1,0,0,0,0,0,1,0,0,1,1,0,0,0,0,0,0,,
242605.23,Iso_PCH40_Luteibacter,0,0,0,0,1,0,0,0,1,0,0,0,0,0,1,1,0,0,0,0,0,0,0,1,0,0,0,0,1,1,0,0,0,1,0,0,0,0,1,0,1,1,0,0,0,1,0,1,0,0,0,0,0,0,1,0,0,0,0,0,0,0,,
134536.18,Iso_PCH41_Paraburkholderia-caledonica,1,1,1,1,1,1,1,1,1,1,1,0,1,1,1,1,1,1,1,1,1,1,1,1,1,1,1,1,1,1,1,1,1,1,1,1,0,0,1,0,0,1,0,0,1,1,0,0,1,1,0,1,1,1,1,1,1,1,0,1,1,0,,
242606.31,Iso_PCH45_Luteibacter-rhizovicinus ,0,1,0,1,0,0,0,0,1,1,0,0,0,0,1,1,1,0,0,0,0,1,1,0,0,0,0,1,0,1,0,0,0,0,0,1,0,0,1,0,0,0,0,0,0,1,0,0,0,0,0,0,0,0,1,0,0,0,0,0,0,0,,
1663.201,Iso_PCH48_Arthrobacter,1,1,0,1,1,1,1,0,1,1,1,0,1,1,0,1,0,1,1,1,1,1,1,1,1,1,1,1,1,1,1,1,1,0,1,1,0,0,1,1,0,1,0,0,1,0,0,1,1,1,0,1,1,1,1,0,1,1,0,1,0,0,,
242606.35,Iso_PCH49_Luteibacter-rhizovicinus,0,1,0,1,0,0,0,0,1,1,0,0,0,0,1,1,1,0,0,0,0,1,1,0,0,0,0,1,0,1,0,0,0,0,0,1,0,1,1,0,0,0,0,0,0,0,0,0,0,0,0,0,0,0,0,1,0,0,0,0,0,0,,
1663.203,Iso_PCH53_Arthrobacter,1,1,0,1,1,1,0,1,1,1,1,0,0,1,1,1,1,1,0,1,1,1,1,1,1,1,1,1,1,1,1,0,1,1,1,1,0,0,1,0,1,1,1,0,1,0,1,1,1,1,1,1,1,1,1,0,1,1,0,1,1,0,,
32008.565,Iso_PCH55_Burkholderia,0,1,1,0,1,1,0,0,1,1,0,1,1,0,0,1,1,1,1,1,1,1,1,1,1,1,1,0,0,0,1,1,1,1,0,1,1,1,1,1,0,0,1,1,1,1,1,1,1,1,0,1,1,1,1,0,0,0,0,1,1,1,,
149698.2,Iso_PCH57_001_Massilia_002_Luteibacter rhizovicinus,0,1,0,1,0,1,1,0,1,1,0,1,0,1,0,1,1,0,0,1,0,1,1,1,0,0,1,1,1,1,0,0,1,0,0,1,0,0,1,0,1,0,0,0,0,0,1,0,0,1,0,0,0,1,1,0,0,0,0,0,0,1,,
242605.12,Iso_PCH6_Luteibacter,0,1,0,1,0,0,0,1,1,0,0,0,0,1,0,0,0,0,0,0,1,1,1,0,0,0,1,0,1,1,0,0,0,1,1,1,0,0,1,0,0,0,0,0,0,0,0,1,0,0,0,0,0,1,0,1,0,0,0,0,0,0,,
231455.6,Iso_PCH61_Dyella japonica,0,0,0,1,0,0,0,0,1,0,0,0,0,1,0,0,0,0,0,1,0,0,0,0,0,0,1,1,0,0,0,0,0,0,0,0,0,0,0,0,0,0,0,0,0,0,0,0,0,0,0,0,0,0,1,0,0,0,0,0,0,0,,
134536.22,Iso_PCH71_Paraburkholderia-caledonica,1,1,1,0,1,1,0,1,1,1,1,1,1,1,1,1,1,1,1,1,1,1,1,1,1,1,1,1,1,1,1,1,0,1,1,1,1,1,1,1,1,1,0,1,1,1,1,0,0,1,0,1,1,1,1,0,1,1,0,1,1,1,,
34073.52,Iso_PCH77_Variovorax-paradoxus,0,1,0,1,1,1,0,1,1,1,1,0,1,0,1,1,1,0,1,1,0,1,0,0,1,1,1,0,0,1,1,1,1,1,0,0,1,0,1,1,0,0,0,0,1,0,1,1,0,0,1,1,1,1,1,0,0,1,0,0,1,1,,
1663.205,Iso_PCH79_Arthrobacter,1,1,1,1,1,1,1,1,1,1,1,0,1,1,1,1,1,1,1,1,1,1,1,1,1,1,1,1,1,1,1,1,1,1,1,1,0,0,1,1,0,1,1,0,1,1,0,1,1,1,0,1,1,1,1,1,1,1,1,1,1,1,,
1822464.27,Iso_PCH80_Paraburkholderia,0,1,1,0,1,1,0,0,1,1,0,1,1,0,0,1,1,1,0,0,0,1,1,1,1,1,1,0,0,1,1,1,0,1,0,1,0,0,1,1,0,0,0,0,1,1,0,0,0,1,0,1,1,1,0,0,0,0,0,1,1,0,,
32008.566,Iso_PCH81_001_Burkholderia sp. KK1_002_Burkholderia,0,1,1,1,1,1,0,0,1,1,1,1,1,0,0,1,1,1,1,0,0,1,1,1,1,1,1,0,1,0,1,1,0,0,0,1,1,1,1,1,0,0,1,1,1,1,1,0,1,1,0,1,1,1,1,1,0,1,0,1,1,1,,
242606.24,Iso_PCH90_Luteibacter-rhizovicinus,0,1,1,1,1,1,0,1,1,1,0,0,0,1,1,1,1,0,0,0,1,1,1,1,1,0,1,1,1,1,1,0,1,0,0,1,1,1,1,1,1,0,1,0,1,1,1,0,1,1,0,1,0,1,1,1,1,1,0,0,1,1,,
32008.568,Iso_PCH92_001_Burkholderia-sp.-RPE67_002_Burkholderia,1,1,1,1,1,1,1,1,1,1,1,1,1,1,1,1,1,1,1,1,1,1,1,1,1,1,1,1,1,1,1,1,1,1,1,1,0,1,1,1,0,1,0,1,1,1,1,1,1,1,0,1,1,1,1,1,1,0,0,1,1,1,,
286.2315,Iso_PCH93_Pseudomonas,1,1,1,1,1,1,1,1,1,1,1,1,1,1,1,1,1,1,1,1,1,1,1,1,1,0,1,1,1,1,1,1,1,0,1,1,0,0,1,1,1,1,0,0,1,1,1,1,1,1,0,1,1,1,1,1,1,1,1,1,1,1,,
32008.569,Iso_PCH97_001_Burkholderia-sp.-RPE67_002_Burkholderia,0,1,1,0,1,1,0,0,1,1,1,1,1,1,0,1,1,1,1,1,0,1,1,1,1,1,1,1,0,1,1,1,1,1,0,1,1,0,1,1,1,0,0,1,1,1,1,1,1,1,1,1,1,1,1,0,1,1,0,1,1,1,,
272620.9,Klebsiella pneumoniae subsp. pneumoniae MGH 78578 (GEM:iYL1228),1,1,1,0,1,1,1,1,1,1,1,1,0,1,1,1,1,1,0,1,1,1,1,0,1,1,0,1,1,1,0,1,1,0,1,1,0,1,1,0,0,1,0,1,1,1,0,0,0,1,0,0,0,1,0,1,0,0,1,0,1,0,1,0
511145.182,Escherichia coli str. K-12 substr. MG1655 (GEM:iAF1260),0,1,1,0,1,0,1,1,1,1,1,1,0,1,1,1,0,1,1,1,1,1,0,0,1,1,0,0,0,0,1,1,0,1,0,1,0,1,0,1,0,0,1,1,0,1,1,0,0,1,0,0,0,1,1,0,1,1,1,1,1,1,1,1
90371.3209,Salmonella enterica subsp. enterica serovar Typhimurium strain NCTC13348 (DT104),0,1,1,0,0,1,1,1,1,1,1,0,0,1,1,1,0,1,1,1,1,1,0,0,1,1,0,0,0,1,1,1,1,1,0,1,0,1,1,1,1,0,1,1,1,1,0,1,0,1,1,0,0,1,1,0,1,1,1,1,1,0,1,0
149539.1451,Salmonella enterica subsp. enterica serovar Enteritidis strain NCTC13349 (PT4),0,1,1,0,0,1,1,1,1,1,1,0,0,1,1,1,0,1,1,1,1,1,1,0,1,1,0,0,0,1,1,1,1,1,0,1,0,1,1,1,1,0,1,1,1,1,0,1,0,1,1,0,0,1,1,0,1,1,1,1,0,1,1,0
224308.43,Bacillus subtilis subsp. subtilis str. 168,1,1,1,0,1,1,1,1,1,1,1,1,1,1,1,1,0,1,1,1,1,1,1,1,1,1,0,1,1,1,1,1,1,1,1,1,1,1,1,1,1,1,1,1,1,1,1,1,1,1,1,0,0,1,1,1,1,1,1,1,1,1,1,1
345073.21,Vibrio cholerae O395 ,0,1,0,0,0,0,1,0,1,1,0,0,0,1,0,1,0,0,0,1,1,1,0,0,1,1,0,0,0,1,1,0,0,1,0,1,0,1,1,0,0,1,0,1,0,0,0,0,0,0,0,0,0,1,1,0,1,1,1,1,0,0,0,0
243277.254,Vibrio cholerae O1 biovar eltor str. N16961,0,1,0,0,0,0,1,0,1,1,0,0,0,1,0,1,0,0,0,1,1,1,0,0,1,1,0,0,0,1,1,0,1,1,0,1,0,1,1,1,0,1,0,1,1,0,0,0,0,0,0,0,0,1,1,0,1,1,1,1,0,0,0,0
62977.6,Acinetobacter sp. ADP1 ,0,0,0,0,0,0,0,0,0,0,0,0,0,0,0,0,0,0,0,0,0,0,0,0,0,0,1,0,0,0,0,0,0,0,0,0,0,0,0,0,0,0,0,0,0,0,0,0,0,0,0,0,0,0,0,0,0,0,0,0,0,0,0,0
93062.19,Staphylococcus aureus subsp. aureus COL,,1,,,,,1,1,1,1,1,,,1,,1,,,1,1,1,1,,,1,1,,,,1,,,,,,1,,1,1,,,1,1,1,1,,,,,,,1,,,,,1,1,,,,1,,
266834.11,Sinorhizobium meliloti 1021 ,1,1,1,0,0,0,1,1,1,1,0,0,1,1,0,1,1,1,0,1,1,1,1,1,0,1,0,1,1,1,1,0,0,0,1,1,1,1,1,0,0,1,0,0,1,0,0,1,1,1,0,0,0,1,1,0,0,0,1,1,0,1,1,0
267608.8,Ralstonia solanacearum GMI1000 ,0,0,1,0,0,0,0,0,0,1,0,1,1,0,0,1,0,1,0,0,0,1,0,0,1,0,1,0,0,0,1,1,1,0,0,0,0,1,1,1,0,1,0,0,0,1,0,0,0,0,0,1,0,1,0,0,0,0,0,1,1,0,0,0
208964.12,Pseudomonas aeruginosa PAO1 ,0,1,0,0,0,1,0,0,0,1,1,0,1,0,0,1,0,1,0,0,0,0,0,1,1,1,1,0,0,1,1,0,1,1,0,1,0,1,1,1,1,0,0,0,1,0,0,1,0,1,0,1,1,1,1,0,0,0,1,1,0,0,0,0
169963.11,Listeria monocytogenes EGD-e ,0,1,0,0,0,0,1,0,1,0,0,0,0,1,0,1,1,0,0,1,1,0,0,0,0,0,0,1,1,1,0,0,0,0,1,1,0,0,0,0,0,0,1,0,0,0,0,0,0,0,0,0,0,0,0,0,0,1,0,0,0,0,0,0
269482.11,Burkholderia cepacia R1808 ,0,1,1,0,0,1,0,0,0,1,1,1,1,0,0,0,0,1,0,0,0,0,1,1,1,1,1,0,0,0,1,0,1,0,0,0,0,1,1,0,0,1,0,1,1,1,1,1,0,0,1,1,1,1,1,0,0,0,1,0,1,1,0,0
1813946.3,Acidovorax sp. GW101-3H11,0,1,1,0,,,,,1,1,,0,,0,,1,,0,,0,,1,0,0,1,,,0,0,1,0,0,0,,,0,,0,1,1,,1,,,0,,0,,,0,,,,,,,,0,0,0,,,0,
192.7,Azospirillum brasilense Sp245,0,0,0,0,,,,,0,0,,0,,0,,1,,1,,0,,0,0,1,1,,,0,0,1,0,0,0,,,0,,0,1,1,,1,,,0,,0,,,0,,,,,,,,0,0,0,,,0,
398527.4,Paraburkholderia phytofirmans PsJN/Burkholderia phytofirmans PsJN,0,1,1,0,,,,,1,1,,1,,0,,1,,1,,0,,1,1,1,1,,,0,0,0,0,0,0,,,1,,0,1,0,,1,,,1,,0,,,1,,,,,,,,0,0,0,,,1,
565050.3,Caulobacter crescentus NA1000,1,1,0,0,,,,,1,1,,0,,1,,0,,1,,0,,0,1,0,0,,,1,1,0,0,0,0,,,1,,0,1,0,,1,,,0,,0,,,0,,,,,,,,0,0,0,,,0,
68895.5,Cupriavidus basilensis 4G11,0,0,0,0,,,,,0,0,,0,,0,,1,,1,,0,,0,0,0,1,,,0,0,0,0,0,0,,,0,,0,1,1,,1,,,1,,0,,,0,,,,,,,,0,0,0,,,0,
398580.1,Dinoroseobacter shibae DFL 12 = DSM 16493,0,1,0,0,,,,,1,1,,0,,1,,0,,0,,1,,0,1,0,0,,,0,0,1,0,0,0,,,0,,0,1,1,,1,,,0,,0,,,1,,,,,,,,0,0,0,,,0,
1380365.3,Dyella japonica UNC79MFTsu3.2,1,1,0,0,,,,,0,0,,0,,1,,1,,1,,1,,1,0,0,0,,,1,1,0,0,0,0,,,1,,0,1,1,,1,,,0,,0,,,0,,,,,,,,0,0,0,,,0,
926556.3,Echinicola vietnamensis DSM 17526,1,1,0,0,,,,,1,1,,0,,1,,1,,0,,1,,1,0,0,0,,,1,1,0,0,0,0,,,0,,0,0,0,,1,,,0,,0,,,1,,,,,,,,0,0,0,,,0,
757424.7,Herbaspirillum seropedicae SmR1,0,1,1,0,,,,,1,0,,1,,0,,0,,0,,0,,1,1,0,1,,,0,0,1,0,1,1,,,1,,1,1,1,,1,,,0,,1,,,1,,,,,,,,0,0,0,,,1,
1934254.3,Klebsiella michiganensis M5a1,1,1,1,0,,,,,1,1,,0,,1,,1,,1,,1,,0,1,0,1,,,1,1,1,0,1,0,,,1,,1,1,0,,1,,,1,,1,,,1,,,,,,,,1,1,1,,,1,
1986952.3,Sphingobacteriaceae bacterium GW460-11-11-14-LB5/Pedobacter sp. GW460-11-11-14-LB5,0,1,0,0,,,,,1,1,,1,,1,,0,,0,,1,,1,0,0,0,,,1,1,0,0,0,0,,,1,,0,0,0,,1,,,0,,0,,,0,,,,,,,,0,0,0,,,0,
391619.3,Phaeobacter inhibens DSM 17395/Phaeobacter inhibens BS107,0,1,1,0,,,,,1,1,,0,,0,,1,,1,,1,,0,1,1,0,,,1,0,1,0,0,0,,,1,,0,1,1,,1,,,0,,0,,,0,,,,,,,,0,0,1,,,0,
294.204,Pseudomonas fluorescens FW300-N1B4,0,1,1,0,,,,,1,1,,1,,0,,1,,1,,1,,1,1,1,1,,,0,0,1,1,1,0,,,0,,0,1,1,,1,,,1,,0,,,0,,,,,,,,1,0,0,,,0,
294.161,Pseudomonas fluorescens strain FW300-N2C3,0,1,1,0,,,,,1,1,,1,,0,,1,,1,,1,,1,1,1,1,,,0,1,1,1,1,0,,,1,,0,1,1,,1,,,1,,0,,,0,,,,,,,,1,1,1,,,0,
294.16,Pseudomonas fluorescens strain FW300-N2E3,0,1,0,0,,,,,1,1,,0,,0,,1,,1,,1,,0,1,1,1,,,0,0,1,1,0,0,,,1,,0,1,1,,1,,,1,,0,,,0,,,,,,,,1,1,1,,,0,
294.165,Pseudomonas fluorescens strain GW456-L13,0,1,1,0,,,,,1,1,,0,,0,,1,,1,,1,,1,0,1,1,,,0,0,1,0,0,0,,,1,,0,1,1,,1,,,1,,0,,,0,,,,,,,,1,1,1,,,0,
321846.3,Pseudomonas simiae strain WCS417,0,1,1,0,,,,,1,1,,1,,0,,1,,1,,1,,1,1,1,1,,,0,0,1,0,1,0,,,1,,1,1,1,,1,,,1,,0,,,0,,,,,,,,1,0,0,,,0,
326297.1,Shewanella amazonensis SB2B,0,1,0,1,,,,,1,1,,0,,1,,0,,1,,0,,0,0,0,0,,,1,0,0,0,0,0,,,1,,0,1,1,,1,,,1,,0,,,0,,,,,,,,1,0,1,,,0,
323850.11,Shewanella loihica PV-4,0,0,0,1,,,,,0,0,,0,,1,,0,,0,,0,,1,0,0,0,,,0,0,0,0,0,0,,,1,,0,0,1,,0,,,0,,0,,,0,,,,,,,,1,0,0,,,0,
211586.12,Shewanella oneidensis MR-1,0,0,0,1,,,,,0,0,,0,,0,,0,,0,,0,,0,0,0,0,,,0,0,0,0,0,0,,,1,,0,0,0,,0,,,0,,0,,,0,,,,,,,,1,0,0,,,0,
94122.6,Shewanella sp. ANA-3,0,0,0,0,,,,,0,0,,0,,1,,0,,1,,0,,0,0,0,0,,,0,0,0,0,0,0,,,1,,0,1,0,,1,,,0,,0,,,0,,,,,,,,1,0,1,,,0,
1219046.3,Sphingomonas koreensis NBRC 16723/Sphingomonas koreensis DSMZ 15582,1,1,0,0,,,,,0,1,,0,,1,,1,,0,,1,,0,0,0,0,,,1,0,0,0,0,0,,,1,,0,1,0,,1,,,0,,0,,,1,,,,,,,,0,0,0,,,0,
573.1355,Klebsiella pneumoniae strain KPPR1,1,1,1,0,1,1,1,1,1,1,1,1,1,1,1,1,1,1,1,1,1,1,1,1,1,1,1,1,1,1,1,1,1,0,1,1,1,1,1,1,1,1,1,1,1,1,1,0,0,1,1,0,1,1,1,1,0,1,1,1,1,1,1,1
1262462.5,Yersinia enterocolitica YE53/03,1,0,1,1,0,1,0,1,1,0,1,1,0,0,1,0,0,1,1,0,1,1,1,1,1,1,0,1,0,1,1,1,0,1,0,1,1,1,0,1,0,0,1,0,0,0,0,0,1,1,0,1,1,0,1,1,1,1,1,1,1,1,0,0
393305.7,Yersinia enterocoliticac 8081,0,0,1,1,0,0,0,0,1,0,1,0,0,0,1,0,0,1,1,0,0,1,1,1,1,1,0,1,0,1,1,1,1,1,0,1,1,1,0,1,0,0,1,0,0,0,0,0,1,0,0,0,1,0,1,1,1,1,1,1,1,1,0,0
1262463.3,Yersinia enterocolitica YE212/02,0,0,1,0,0,0,0,0,1,0,1,1,0,0,1,0,0,1,1,1,0,1,1,1,1,1,0,1,0,1,1,1,1,1,0,1,1,1,0,1,0,0,1,0,0,0,0,0,1,1,0,0,1,0,1,1,1,1,1,1,1,1,0,0
2508718.3,Rhodococcus sp.,1,1,0,0,1,0,1,0,1,1,0,0,1,1,1,1,1,1,1,1,0,1,1,1,1,1,0,1,0,1,1,1,1,1,1,0,0,0,1,1,1,1,0,1,1,1,1,1,0,1,1,1,1,1,1,1,1,0,0,1,0,0,0,0
226186.12,Bacteroides thetaiotaomicron VPI-5482,1,1,0,0,0,0,1,1,1,0,0,0,0,1,1,1,0,0,0,1,0,1,0,0,0,0,0,0,1,0,0,1,0,0,1,1,0,0,0,0,0,1,0,0,0,0,0,0,1,1,0,0,0,0,0,0,0,0,0,0,0,0,1,0
562.8507,E. coli strain IMT17887 (stain 17887),1,1,1,1,1,1,1,1,1,0,0,0,0,1,1,1,0,1,0,1,1,1,0,1,1,0,0,1,1,0,0,1,1,0,1,1,1,0,0,1,0,1,1,0,1,1,0,1,1,1,1,1,1,1,1,1,1,1,1,0,1,1,1,0
1333534.3,Paenibacillus azotofixan strain P3L5T,1,1,0,,,,1,1,1,0,,0,0,1,1,1,0,0,0,0,0,1,0,,0,0,0,1,1,1,,,,,1,0,,1,0,1,,1,0,1,,,1,0,,0,,0,,0,0,1,,1,,0,,,0,
303.176,Rhizospheric strains Pseudomonas putida PCL 1760,0,1,0,,,0,0,0,1,0,,1,1,0,,1,,1,1,0,,0,0,,1,,1,0,,1,1,1,1,0,0,,,0,1,1,,0,,,1,,,1,0,0,,1,1,,1,,,1,1,1,1,1,0,
470.9249,Acinetobacter sp ATCC 17979,0,0,0,0,0,0,0,0,0,0,0,1,0,0,0,0,0,1,0,0,0,0,0,1,0,1,1,0,0,0,0,0,1,0,0,1,0,0,1,1,1,0,0,1,1,0,0,0,1,1,0,1,1,1,1,0,0,0,0,0,0,0,0,0
554.21,Pectobacterium polaris CFBP 1403,1,1,0,0,1,,0,1,1,1,0,1,0,0,1,1,0,0,0,1,1,1,1,0,1,0,0,1,1,1,1,1,0,0,1,1,0,1,1,0,0,1,0,1,0,1,0,0,0,1,1,0,0,1,1,0,0,1,0,1,1,1,0,
615.104,Serratia marcescens 90-166b,,,,,,,,0,,,,,,,,,1,1,,,,,1,,,,1,,,,1,,,,,,,,,1,,,,,,,,,1,,,,,,,,,,1,,,,1,
1303.43,Streptococcus oralis strain SK141,1,1,,,,,,1,1,,,,,1,1,1,,,,,,1,,0,,,,0,,1,,,,,,1,,,,,,1,1,,0,,,1,0,,,,,,0,1,,,,,,,,
13689.6,Sphingomonas paucimobilis strain ZX4,0,1,0,,,0,,0,1,1,,0,1,1,1,0,0,1,0,1,0,0,0,,1,,0,0,,1,0,0,0,0,1,1,,1,1,0,,1,,,0,,,1,,1,,0,1,,0,,,0,1,0,0,0,1,
29447.22,Xanthomonas albilineans ,0,,,,,,,,,,,,,,,,,,,,,,,,,,,,,,0,,,0,,,,,,,,,,,,,,0,,,,,,,,,,,,,0,0,,
37919.1,Rhodococcus opacus strain R7,0,1,1,0,0,1,0,0,0,1,1,0,1,,0,1,1,0,1,1,0,0,1,1,1,1,1,0,0,0,1,0,1,1,0,1,0,0,0,1,1,1,0,0,0,0,0,1,0,1,0,1,1,1,1,0,0,0,0,0,1,0,0,0
47920.27,Acidovorax delafieldii DSM 64T,0,1,1,,,,0,0,1,1,,0,1,0,0,1,1,1,1,0,0,1,0,,1,,1,0,,1,1,0,0,1,0,0,,1,1,0,,0,,,1,,,1,0,0,,1,1,,1,,,0,0,1,0,1,0,
52133.2,Acinetobacter venetianus LUH 7437,0,0,0,0,0,0,0,0,0,0,0,0,0,0,0,0,0,1,0,0,1,0,0,1,0,0,0,0,0,0,0,0,0,0,0,0,0,0,1,0,1,0,0,0,1,0,0,1,0,0,0,1,0,0,1,0,0,0,0,0,0,0,0,0
56453.3,Xanthomonas cucurbitae ,0,,,,,,,,,,,,,,,,,,,,,,,,,,,,,,1,,,0,,,,,,,,,,,,,,0,,,,,,,,,,,,,1,0,,
56458.17,Xanthomonas sacchari ,1,,,,,,,,,,,,,,,,,,,,,,,,,,,,,,1,,,1,,,,,,,,,,,,,,1,,,,,,,,,,,,,1,1,,
56464.3,Xanthomonas theicola ,0,,,,,,,,,,,,,,,,,,,,,,,,,,,,,,0,,,0,,,,,,,,,,,,,,0,,,,,,,,,,,,,0,0,,
78229.3,Acidovorax  anthurii DSM 16745T,0,1,0,,,,0,1,0,1,,0,0,1,0,1,0,1,0,1,0,0,0,,1,,1,0,,1,1,0,0,0,0,0,,0,1,0,,1,,,0,,,0,0,0,,1,0,,0,,,1,0,0,0,0,0,
80842.11,Herbaspirillum rubrisubalbicans DSM 9440T,0,1,1,,,1,1,0,1,1,,1,1,0,0,1,1,1,1,1,1,1,0,,1,,1,0,,1,1,1,1,1,0,0,,0,1,1,,0,,,0,,1,1,0,0,,1,1,,1,,,0,0,0,1,1,1,1
80878.16,Acidovorax temperans DSM 7270T,0,1,1,,,,0,0,0,1,,0,0,0,0,1,1,0,1,0,0,0,0,,0,,1,0,,1,1,0,0,1,0,0,,0,0,0,,0,,,0,,,1,0,0,,1,0,,1,,,0,0,0,0,0,0,
80881.4,Simplicispira metamorpha DSM 1837T,0,0,0,,,,0,0,0,0,,0,0,0,0,0,0,0,0,0,0,0,0,,0,,1,0,,0,0,0,0,1,0,0,,0,1,0,,0,,,0,,,1,0,0,,0,0,,0,,,0,0,0,0,0,0,
86669.4,Acidovorax defluvii DSM 12644T,0,0,0,,,,1,0,0,1,,1,0,0,0,0,0,1,1,0,0,1,0,,0,,1,0,,1,0,0,0,1,0,0,,0,1,1,,1,,,0,,,0,0,0,,0,0,,0,,,0,0,1,0,0,0,
106654.22,Acinetobacter nosocomialis,0,0,0,0,0,0,0,0,0,0,0,0,1,0,0,0,0,1,0,0,0,0,0,1,0,1,1,0,0,0,1,0,1,0,0,0,0,0,1,0,1,0,0,0,1,0,0,0,0,0,0,1,0,1,1,0,0,0,0,0,0,0,0,0
109214.3,Xanthomonas cynarae ,1,,,,,,,,,,,,,,,,,,,,,,,,,,,,,,1,,,1,,,,,,,,,,,,,,0,,,,,,,,,,,,,0,0,,
180195.5,Herbaspirillum autotrophicum DSM 732T,0,0,0,,,1,0,0,0,0,,0,0,0,0,0,0,1,1,0,0,0,0,,1,,1,0,,0,1,0,1,1,0,0,,0,1,1,,0,,,0,,1,1,0,0,,1,0,,1,,,0,0,0,0,1,0,1
180957.35,‘Pectobacterium carotovorum subsp. brasiliense’ CFBP 6617,1,1,0,0,1,,1,1,1,1,1,1,0,1,1,1,1,1,0,1,1,1,1,0,1,1,0,1,1,1,1,1,1,0,1,1,1,1,1,0,0,1,0,1,0,1,0,0,0,1,1,0,0,1,1,1,0,1,0,1,1,1,0,
187868.3,Acidovorax valerianellae DSM 16619T,0,0,0,,,,0,0,0,0,,0,0,0,0,1,0,0,0,0,0,0,0,,1,,1,0,,1,1,0,0,0,0,0,,0,1,0,,0,,,0,,,1,0,0,,1,0,,1,,,0,0,1,0,0,0,
190485.4,Xanthomonas campestris ,1,,,,,,,,,,,,,,,,,,,,,,,,,,,,,,0,,,1,,,,,,,,,,,,,,1,,,,,,,,,,,,,1,0,,
191292.16,Rhodococcus aetherivorans strain BCP1,0,1,1,0,1,1,0,0,0,1,0,0,1,,0,1,1,0,1,1,0,0,1,1,1,1,1,0,0,0,1,0,1,1,0,1,0,0,0,1,1,1,0,0,0,0,0,1,0,1,0,1,1,1,1,0,0,0,0,0,1,0,0,0
195709.15,Xanthomonas arboricola ,0,,,,,,,,,,,,,,,,,,,,,,,,,,,,,,1,,,1,,,,,,,,,,,,,,1,,,,,,,,,,,,,0,1,,
202950.11,Acinetobacter baylyi,0,1,0,0,0,1,0,0,0,0,0,0,0,0,0,0,0,1,1,0,0,0,0,0,1,1,1,0,0,0,1,0,1,0,0,0,0,0,1,1,1,0,0,0,0,1,0,1,0,0,1,0,1,1,1,0,0,0,0,0,1,0,1,0
243365.4,Chromobacterium violaceum ATCC 12472,0,1,0,,,0,1,0,1,0,,0,0,0,0,1,1,1,0,1,0,0,,,1,,1,1,,0,1,0,0,0,0,1,,1,1,0,,1,,,1,,,0,0,0,,0,0,,0,,,1,0,1,0,0,0,
262316.17,Mycobacterium avium subsp. paratuberculosis K-10,,0,,,,,,,,,,,,,1,0,0,,,0,1,,,,,,0,1,,0,,,,0,,1,1,,1,0,1,1,,0,,,,1,1,,,,,,1,,,0,0,,,,,
293387.1,Bacilluscillus invictae DSMZ 26896T ,1,0,1,,,1,0,0,0,1,,0,1,0,0,0,0,0,0,0,0,1,1,,0,0,0,1,,0,1,0,0,0,1,1,,1,0,0,,0,,,0,,,1,0,1,,0,0,,1,,,1,0,1,0,1,1,
379731.5,Pseudomonas stutzeri A1501,0,1,0,,,,0,0,0,0,,1,1,,0,1,0,1,0,,0,1,,,,,1,,,1,1,0,,0,1,,,,1,,,0,,,0,,,0,0,0,,1,0,,,,,,0,0,0,,,
407148.6,Campylobacter jejuni 81116,,,,,,,,,,,1,,,,,,,,1,,,,,,,1,,,,,1,,1,,,,,,1,1,,,,,,,1,0,,,,,,1,,,,,,1,,1,0,
456327.28,Xanthomonas euvesicatoria,0,0,0,,,0,1,0,1,0,,0,0,1,1,,0,1,0,1,0,1,0,,0,,,1,,1,0,0,1,0,,,,0,1,1,,0,,,,,,0,0,0,,0,0,,0,,,0,0,1,0,0,1,
520708.3,Acinetobacter calcoaceticus-like’b,0,0,0,0,0,0,0,0,0,0,0,0,1,0,0,0,0,1,0,0,0,0,0,1,0,1,1,0,0,0,1,0,1,0,0,0,0,0,1,0,1,0,0,0,1,0,0,1,0,0,0,1,1,1,1,0,0,0,0,0,0,0,0,0
520709.3,Acinetobacter seifertii,0,0,0,0,0,0,0,0,0,0,0,0,1,0,0,0,0,1,0,0,0,0,0,0,0,1,0,0,0,0,1,0,1,0,0,0,0,0,1,1,1,0,0,0,1,0,0,1,0,0,0,1,1,1,1,0,0,0,0,0,0,0,0,0
536229.4,Bacillus pumilus ATCC 7061T,1,0,1,,,1,0,0,0,1,,0,1,0,0,0,1,1,1,0,0,1,1,,1,1,0,1,,0,1,0,0,0,1,1,,1,0,0,,0,,,0,,,0,0,1,,0,1,,1,,,1,1,1,0,1,1,
586733.6,"Staphylococcus devriesei AN3,AN19,AN22,AN25,BN7 and FN2",0,1,1,1,1,0,1,1,1,1,0,1,0,1,1,1,1,1,1,1,1,1,0,1,1,1,0,1,1,1,1,1,1,1,1,1,1,1,1,0,1,1,1,1,0,0,0,1,0,1,1,0,0,1,1,1,1,1,0,1,1,1,1,1
864073.3,Herbaspirillum frisingense GSF30T,0,1,1,,,1,0,0,1,1,,1,1,0,0,1,1,1,1,0,0,1,0,,1,,1,0,,1,1,0,1,1,0,1,,0,1,1,,0,,,0,,1,1,0,0,,1,0,,1,,,0,1,1,1,1,1,1
925775.5,Xanthomonas vesicatoria ,0,,,,,,,,,,,,,,,,,,,,,,,,,,,,,,0,,,1,,,,,,,,,,,,,,0,,,,,,,,,,,,,0,0,,
999386.3,Acidovorax radicis sp. nov. N35T,0,1,1,,,,0,0,1,1,,0,1,0,0,1,1,1,1,0,0,1,0,,1,,1,0,,1,1,0,0,1,0,0,,0,1,0,,0,,,1,,,1,0,0,,0,1,,1,,,0,0,0,0,1,1,
1120926.3,Acinetobacter gerneri,0,0,0,0,0,1,0,0,0,0,0,0,0,0,0,0,0,1,0,0,0,0,0,0,0,1,1,0,0,0,0,0,0,0,0,0,0,0,1,0,0,1,0,0,0,0,0,1,0,0,0,0,0,1,1,0,0,0,0,0,0,0,0,0
1148157.7,Acinetobacter oleivorans’,0,0,0,0,0,0,0,0,0,0,0,0,1,0,0,0,0,1,0,0,0,0,0,1,0,1,1,0,0,1,1,0,1,0,0,1,0,0,1,0,0,0,0,0,1,1,0,0,0,0,0,1,1,1,1,0,0,0,0,0,1,0,0,0
1148509.1,Pseudomonas prosekii P2406,,,,0,,,,,1,,,,,,,0,,,,,,,,,,,,,,,,,,,,,,,,,,,,,,,,,,,,,,,,,,,,,0,,,
1161913.3,Herbaspirillum lusitanum P6-12T,0,1,0,,,0,0,0,0,1,,1,0,0,0,1,1,1,1,0,0,1,0,,1,,1,0,,1,1,1,1,1,0,1,,0,1,1,,0,,,0,,1,1,0,1,,1,0,,1,,,0,0,0,1,1,1,1
1178537.3,Bacillus xiamenensis HYC-10T,1,0,1,,,0,0,0,0,1,,0,1,1,0,0,1,0,1,0,0,1,0,,1,1,0,1,,0,1,0,0,1,1,1,,1,0,0,,0,,,0,,,0,0,1,,1,0,,1,,,1,0,1,0,1,1,
1178541.5,Bacillus safensis FO-36bT,1,0,1,,,1,0,1,0,1,,0,1,0,0,0,1,1,1,0,0,1,1,,1,1,0,1,,0,1,0,1,1,1,1,,1,0,0,,0,,,0,,,0,0,1,,1,1,,1,,,1,1,1,0,1,1,
1178544.5,Bacillus altitudinis DSMZ 21631T ,1,0,1,,,1,0,0,0,1,,0,1,0,0,0,0,0,0,0,0,1,1,,0,0,0,1,,0,1,0,0,0,1,1,,1,0,0,,0,,,0,,,0,0,1,,0,0,,1,,,1,0,0,0,1,1,
1217628.3,Acinetobacter baumannii LUH 4708,0,0,0,0,0,0,0,0,0,0,0,0,1,1,0,0,0,1,0,0,0,0,0,1,0,1,1,0,0,0,1,0,1,0,0,0,0,0,1,1,0,0,0,0,1,1,0,1,0,0,0,1,1,1,1,0,0,0,0,0,1,0,0,0
1217653.3,Acinetobacter calcoaceticus,0,0,0,0,0,0,0,0,0,0,0,0,1,0,0,0,0,1,0,0,0,0,0,0,0,1,1,0,0,0,1,1,1,0,0,0,0,0,1,0,0,0,0,0,1,1,0,1,0,0,1,1,1,1,1,0,0,0,0,0,1,0,0,0
1217658.3,Acinetobacter gyllenbergii,0,0,0,0,0,0,0,0,0,0,0,0,0,0,0,0,0,1,0,0,0,0,0,0,0,1,0,0,0,0,0,0,1,0,0,0,0,0,1,0,0,0,0,0,1,0,0,1,0,0,0,0,0,1,1,0,0,0,0,0,0,0,0,0
1217672.3,Acinetobacter pittii,0,0,0,0,0,0,0,0,0,0,0,0,1,0,0,0,0,1,0,0,0,0,0,1,0,1,1,0,0,0,1,0,1,1,0,0,0,0,1,0,0,0,0,0,1,1,0,1,0,0,0,1,0,1,1,0,0,0,0,0,1,0,0,0
1217677.3,Acinetobacter soli,1,1,0,0,0,0,0,0,1,0,1,0,1,0,0,1,0,1,1,0,0,0,1,1,1,1,1,0,0,0,1,0,1,0,0,0,0,0,1,1,1,0,0,0,1,1,0,1,0,0,0,1,1,1,1,0,0,0,1,0,1,0,0,0
1217692.3,Genomic species 6,0,0,0,0,0,0,0,0,0,0,0,0,0,0,0,0,0,1,0,0,0,1,0,0,0,0,0,0,0,0,0,0,0,0,0,0,0,0,1,0,0,0,0,0,0,0,1,1,0,0,0,0,0,1,1,0,0,0,0,0,0,0,0,0
1217693.3,Acinetobacter variabilis,0,0,0,0,0,0,0,0,0,0,0,0,0,0,0,0,0,1,0,0,0,0,0,0,0,0,0,0,0,0,0,0,0,0,1,0,0,0,0,0,1,0,1,0,0,0,0,0,0,0,0,0,0,1,1,0,0,0,0,0,0,0,0,0
1217715.3,Acinetobacter bohemicus,0,0,0,0,1,0,0,0,0,0,0,0,1,0,0,0,0,0,1,0,0,0,0,0,1,0,0,0,0,0,0,0,0,0,0,0,0,0,0,0,0,0,0,0,0,0,0,0,0,0,0,1,0,0,1,0,0,0,0,0,0,0,0,0
1219375.3,Xanthomonas cassavae ,0,,,,,,,,,,,,,,,,,,,,,,,,,,,,,,0,,,1,,,,,,,,,,,,,,0,,,,,,,,,,,,,0,0,,
1235558.4,Herbaspirillum putei IAM 15032T,0,1,1,,,1,0,0,0,1,,0,,0,0,0,1,0,0,0,0,1,0,,1,,1,0,,1,1,0,1,1,0,0,,0,1,1,,0,,,0,,1,1,0,0,,1,1,,1,,,0,0,0,1,1,,0
1262470.4,"Herbaspirillum hiltneri strains N3T, N5 and N9",0,1,1,,,0,0,0,0,1,,1,0,0,0,0,1,1,1,0,0,1,0,,1,,1,0,,1,1,1,1,1,0,1,,0,1,1,,0,,,0,,1,1,0,0,,1,0,,1,,,0,0,0,1,1,1,1
1311573.5,Helicobacter pylori UM032,,1,,,,,1,,1,,,1,,0,0,1,,1,1,0,,1,0,0,,1,,,,,1,1,0,,,0,,1,1,0,,,0,1,1,,0,,0,1,,,,1,1,,,0,1,1,,,1,1
1321939.6,Helicobacter pylori UM037,,0,,,,,1,,0,,,0,,0,0,0,,0,0,1,,1,0,1,,0,,,,,1,1,0,,,0,,0,0,0,,,0,1,0,,0,,1,1,,,,1,0,,,0,1,0,,,1,0
1341679.5,Acinetobacter indicus,0,0,0,0,0,0,0,0,0,0,0,0,0,0,0,0,0,1,0,0,0,0,0,0,0,1,0,0,0,0,0,0,0,0,0,0,0,0,0,0,1,1,0,0,1,0,0,1,0,0,0,0,0,1,1,0,0,0,0,0,0,0,0,0
1365657.3,Campylobacter jejuni Cj1,,,,,,,,,,,1,,,,,,,,1,,,,,,,0,,,,,0,,1,,,,,,1,0,,,,,,,0,0,,,,,,1,,,,,,1,,1,0,
1365659.3,Campylobacter jejuni Cj2,,,,,,,,,,,1,,,,,,,,1,,,,,,,1,,,,,1,,1,,,,,,1,1,,,,,,,1,0,,,,,,1,,,,,,1,,1,1,
1365661.3,Campylobacter jejuni K1 ,,,,,,,,,,,1,,,,,,,,1,,,,,,,1,,,,,1,,0,,,,,,1,1,,,,,,,1,0,,,,,,1,,,,,,1,,1,0,
1367443.3,Campylobacter jejuni Cj5,,,,,,,,,,,1,,,,,,,,1,,,,,,,1,,,,,1,,1,,,,,,1,1,,,,,,,1,0,,,,,,1,,,,,,1,,1,0,
1412896.3,Campylobacter coli K3,,,,,,,,,,,0,,,,,,,,1,,,,,,,1,,,,,1,,1,,,,,,1,1,,,,,,,0,1,,,,,,1,,,,,,1,,1,1,
1412897.3,Campylobacter coli K7,,,,,,,,,,,0,,,,,,,,1,,,,,,,1,,,,,1,,0,,,,,,1,1,,,,,,,0,1,,,,,,1,,,,,,1,,1,1,
1440765.4,Xanthomonas hyacinthi,0,,,,,,,,,,,,,,,,,,,,,,,,,,,,,,1,,,0,,,,,,,,,,,,,,0,,,,,,,,,,,,,0,0,,
1440766.4,Xanthomonas pisi ,1,,,,,,,,,,,,,,,,,,,,,,,,,,,,,,1,,,1,,,,,,,,,,,,,,1,,,,,,,,,,,,,1,1,,
1843580.5,Xanthomonas floridensis ,0,,,,,,,,,,,,,,,,,,,,,,,,,,,,,,1,,,1,,,,,,,,,,,,,,1,,,,,,,,,,,,,1,1,,
1843581.5,Xanthomonas nasturtii ,0,,,,,,,,,,,,,,,,,,,,,,,,,,,,,,,,,0,,,,,,,,,,,,,,1,,,,,,,,,,,,,0,0,,
2054929.3,Rhizospheric strains Pseudomonas fluorescens WCS365,0,1,1,,,1,1,0,1,1,,1,1,0,,1,,1,1,1,,1,1,,1,,1,0,,1,1,1,1,1,0,,,0,1,1,,1,,,1,,,1,0,0,,1,1,,1,,,1,1,1,1,1,0,
2204146.3,Pectobacterium aquaticum A101-S19-F16,1,1,0,0,1,,0,1,1,1,0,1,0,0,1,1,0,0,0,0,1,1,1,0,1,0,0,0,1,1,1,0,1,0,1,1,0,1,1,0,0,1,0,1,0,1,0,0,0,1,1,0,0,1,1,0,0,0,0,1,1,0,0,1
2654975.3,Xanthomonas vesicatoria,0,0,0,,,0,1,0,1,1,,0,0,1,1,,0,1,0,1,0,1,0,,0,,,1,,1,1,0,1,0,,,,1,1,1,,0,,,,,,1,0,0,,0,0,,0,,,0,0,1,0,0,1,
343013.6,Acidovorax caeni DSM 19327T,0,0,0,,,,0,0,0,1,,0,1,0,0,1,1,0,0,0,0,1,0,,1,,1,0,,1,1,0,0,0,0,0,,0,1,0,,0,,,1,,,0,0,0,,1,0,,1,,,0,0,1,0,0,0,
1120928.5,Acinetobacter tjernbergiae,0,0,0,0,0,0,0,0,0,0,0,0,0,0,0,0,0,0,0,0,0,0,0,0,0,0,0,0,0,0,0,0,0,0,0,0,0,0,0,0,0,0,0,0,1,0,0,0,0,0,0,1,0,1,1,0,0,0,0,0,0,0,0,0
1191460.4,Acinetobacter venetianus LUH 3904 ,0,0,0,0,0,0,0,0,0,0,0,0,1,0,0,0,0,1,1,0,0,0,0,1,0,0,0,0,0,0,0,0,1,0,0,0,0,0,1,0,0,0,0,0,1,0,0,1,0,0,0,0,0,1,1,0,0,0,0,0,0,0,0,0
1197884.5,Acinetobacter venetianus,0,0,0,0,0,0,0,0,0,0,0,0,1,0,0,0,0,1,0,0,0,0,0,0,0,0,0,0,0,0,0,0,1,0,0,0,0,0,1,0,0,0,0,0,1,0,0,1,0,0,0,0,0,1,1,0,0,1,0,1,0,0,0,0
1261556.3,Xanthomonas translucens ,0,,,,,,,,,,,,,,,,,,,,,,,,,,,,,,1,,,0,,,,,,,,,,,,,,0,,,,,,,,,,,,,0,0,,
1341683.3,Acinetobacter brisouii,0,0,0,0,0,0,0,0,0,0,0,0,1,0,0,0,0,0,0,0,0,0,0,0,0,0,0,0,0,0,0,0,0,0,0,0,0,0,0,0,0,0,0,0,0,0,0,1,0,0,0,0,0,1,1,0,0,0,0,0,0,0,0,0
1346614.3,Serratia liquefaciens ATCC 27592,1,1,1,,,1,1,1,1,1,,1,,1,1,1,0,1,0,1,1,1,1,,1,,0,1,,1,1,1,1,0,1,1,,1,1,1,,1,,,1,,,0,1,0,,0,0,,1,,,1,1,1,0,0,1,1
210.1972,"Helicobacter pylori strain UM276S,Helicobacter pylori strain UM276R",,1,,,,,0,,1,,,1,,0,0,0,,1,0,0,,1,0,0,,1,,,,,1,1,1,,,0,,0,0,0,,,0,1,0,,0,,0,1,,,,1,0,,,0,1,0,,,1,1
402882.13,Shewanella sp. O23S,0,0,0,1,0,0,1,0,0,0,0,0,0,1,0,0,0,0,0,0,0,0,0,0,1,1,0,0,0,0,0,0,0,1,0,1,0,0,0,1,0,1,0,0,0,0,1,0,0,0,0,0,0,1,1,0,0,1,0,1,0,0,0,0
416269.6,"Actinobacillus pleuropneumoniae L20 (serotype 5b),Actinobacillus pleuropneumoniae D13039 (serotype 10), Actinobacillus pleuropneumoniae 56153 (serotype 11), Actinobacillus pleuropneumoniae N273 (serotype 13)",1,1,1,,,0,1,1,1,1,,1,,1,0,1,0,,1,1,,1,0,,1,,,1,,,1,1,,1,0,1,,1,,1,,1,,,,,,0,,1,,,0,,0,,,1,,,,1,,
85963.3,Helicobacter pylori J99,,1,,,,,1,,0,,,1,,0,0,0,,1,1,1,,1,0,0,,1,,,,,1,1,1,,,0,,1,1,1,,,0,1,0,,0,,0,0,,,,1,1,,,0,1,1,,,1,1
379.418,Iso_PCH112_Rhizobium,1,1,1,0,1,0,0,1,1,1,1,0,1,1,1,1,1,1,0,1,1,1,1,1,1,1,1,1,1,1,1,0,0,0,1,1,1,0,1,0,0,1,1,0,1,1,1,0,1,1,0,1,1,1,1,0,1,0,0,1,0,1,,
1763.1022,Iso_PCH15_001_Luteibacter_002_Mycobacterium,1,1,1,1,1,1,1,1,1,1,1,1,1,1,1,1,1,1,1,1,1,1,1,1,1,1,1,1,1,1,1,1,1,1,1,1,0,0,1,1,1,1,0,0,1,1,1,1,1,1,0,1,1,1,1,1,1,1,0,1,1,1,,
242606.11,Iso_PCH28_001_Arthrobacter_002_Luteibacter-rhizovicinus,1,1,0,1,1,1,1,0,1,1,1,0,1,1,1,1,1,1,0,1,1,1,1,1,1,1,1,1,1,1,1,1,1,1,1,1,0,0,1,1,0,1,1,0,1,1,0,1,0,1,0,1,1,1,1,1,1,1,0,1,1,0,,
1120929.6,Acinetobacter towneri,0,0,0,0,0,0,0,0,0,0,0,0,0,0,0,0,0,0,0,0,0,0,0,0,0,0,0,0,0,0,0,0,0,0,0,0,0,0,0,0,0,0,0,0,0,0,0,0,0,0,0,0,1,0,0,0,0,0,0,0,0,0,0,0
1321940.5,Helicobacter pylori UM066,,1,,,,,1,,1,,,1,,1,1,1,,1,0,0,,1,1,0,,0,,,,,1,1,0,,,1,,1,1,1,,,1,1,0,,1,,0,1,,,,1,0,,,1,1,0,,,1,1
1191460.12,Acinetobacter venetianus LUH 3904 ,0,0,0,0,0,0,0,0,0,0,0,0,1,0,0,0,0,1,1,0,0,0,0,1,0,0,0,0,0,0,0,0,1,0,0,0,0,0,1,0,0,0,0,0,1,0,0,1,0,0,0,0,0,1,1,0,0,0,0,0,0,0,0,0
1349766.3,Herbaspirillum chlorophenolicum IAM 15024T,0,1,1,,,0,0,0,0,1,,0,1,0,0,0,1,1,1,0,0,1,0,,1,,1,0,,0,1,0,1,1,0,1,,0,1,1,,0,,,0,,1,1,0,0,,1,0,,1,,,0,0,0,1,1,1,1
325240.15,Shewanella sp. O23S,0,0,0,1,0,0,1,0,0,0,0,0,0,1,0,0,0,0,0,0,0,0,0,0,1,1,0,0,0,0,0,0,0,1,0,1,0,0,0,1,0,1,0,0,0,0,1,0,0,0,0,0,0,1,1,0,0,1,0,1,0,0,0,0
316581.4,Xanthomonas axonopodis ,1,,,,,,,,,,,,,,,,,,,,,,,,,,,,,,0,,,0,,,,,,,,,,,,,,1,,,,,,,,,,,,,0,0,,
56449.3,Xanthomonas bromi ,0,,,,,,,,,,,,,,,,,,,,,,,,,,,,,,1,,,0,,,,,,,,,,,,,,0,,,,,,,,,,,,,0,0,,
56459.22,Xanthomonas vasicola ,0,,,,,,,,,,,,,,,,,,,,,,,,,,,,,,0,,,0,,,,,,,,,,,,,,0,,,,,,,,,,,,,0,0,,
1313303.3,Xanthomonas oryzae Rao ,0,,,,,,,,,,,,,,,,,,,,,,,,,,,,,,0,,,0,,,,,,,,,,,,,,0,,,,,,,,,,,,,0,0,,
85963.7,Helicobacter pylori J99,,1,,,,,1,,0,,,1,,0,0,0,,1,1,1,,1,0,0,,1,,,,,1,1,1,,,0,,1,1,1,,,0,1,0,,0,,0,0,,,,1,1,,,0,1,1,,,1,1
407976.7,Shewanella sp. O23S,0,0,0,1,0,0,1,0,0,0,0,0,0,1,0,0,0,0,0,0,0,0,0,0,1,1,0,0,0,0,0,0,0,1,0,1,0,0,0,1,0,1,0,0,0,0,1,0,0,0,0,0,0,1,1,0,0,1,0,1,0,0,0,0
693973.6,Shewanella sp. O23S,0,0,0,1,0,0,1,0,0,0,0,0,0,1,0,0,0,0,0,0,0,0,0,0,1,1,0,0,0,0,0,0,0,1,0,1,0,0,0,1,0,1,0,0,0,0,1,0,0,0,0,0,0,1,1,0,0,1,0,1,0,0,0,0
754262.3,"Actinobacillus pleuropneumoniae L20 (serotype 5b),Actinobacillus pleuropneumoniae D13039 (serotype 10), Actinobacillus pleuropneumoniae 56153 (serotype 11), Actinobacillus pleuropneumoniae N273 (serotype 13)",1,1,1,,,0,1,1,1,1,,1,,1,0,1,0,,1,1,,1,0,,1,,,1,,,1,1,,1,0,1,,1,,1,,1,,,,,,0,,1,,,0,,0,,,1,,,,1,,
1321368.6,Xanthomonas maliensis ,0,,,,,,,,,,,,,,,,,,,,,,,,,,,,,,0,,,1,,,,,,,,,,,,,,1,,,,,,,,,,,,,0,0,,
925777.8,Xanthomonas gardneri,1,0,0,,,0,0,1,1,0,,0,0,0,1,,0,0,0,1,0,1,0,,0,,,1,,0,0,0,1,0,,,,0,1,1,,0,,,,,,0,0,0,,0,0,,0,,,0,0,0,0,0,1,
52133.21,Acinetobacter venetianus,0,0,0,0,0,0,0,0,0,0,0,0,1,0,0,0,0,1,0,0,0,0,0,1,0,0,0,0,0,0,0,0,1,0,0,0,0,0,1,0,0,0,0,0,1,0,0,1,0,0,0,0,0,1,1,0,0,0,0,0,0,0,0,1